{
  "bitcoin": [
    73154.25045773029,
    73030.13569896588,
    72926.07869726027,
    72843.71988601146,
    72933.62950394394,
    72979.02160669946,
    72886.12041481228,
    72827.93298111406,
    72843.21745118427,
    72842.7231933809,
    72775.97739192744,
    72766.14590799584,
    72772.64644979121,
    72853.90041790249,
    72817.08792837358,
    72916.14120350627,
    72916.14120350627,
    72804.2299612631,
    72748.47373621527,
    72789.74511933756,
    72911.0624318832,
    73152.70207419568,
    73538.48935210315,
    73538.48935210315,
    73448.58870379567,
    73398.20533676402,
    73486.94155013928,
    73053.88808483821,
    72979.83971431734,
    73085.90563102519,
    71795.81856513888,
    71564.79218802848,
    71564.79218802848,
    71564.79218802848,
    71564.79218802848,
    71658.39262133169,
    71817.96361452986,
    71661.6951211,
    71484.30672806092,
    71741.79142212505,
    71662.19399624226,
    71746.64597859567,
    71630.03448995003,
    71552.63541930693,
    71456.10546729324,
    71491.13137229905,
    71149.9056162426,
    70911.47145158266,
    70779.92731840577,
    70904.84604333997,
    70903.77263535118,
    71150.64375760725,
    71163.53405223005,
    71106.4322764737,
    71345.73089938107,
    71281.69736597982,
    70904.50714836456,
    70756.75105500016,
    71165.70954152242,
    71200.90367970068,
    71068.79552154658,
    70995.17192216238,
    70922.26986983724,
    70855.49027047162,
    71046.10954568665,
    70821.26242203725,
    70678.34587741118,
    70791.57671954377,
    70757.81212381866,
    70942.34306274488,
    71116.96710790826,
    71583.55893696092,
    72339.61715675824,
    71862.77335070871,
    72188.72160865474,
    72162.8397916949,
    72460.07864955084,
    73381.47419986023,
    73203.04293101993,
    73221.60423747003,
    74666.14313470945,
    74514.63006655,
    74158.89130980147,
    74388.23287589433,
    74372.4013312016,
    74459.50532558873,
    74395.7884544637,
    74208.53947859819,
    74561.14077822378,
    74545.48481720747,
    74759.88315001455,
    74529.6774912288,
    74420.40463273888,
    74419.89892258226,
    74447.52478221676,
    75482.48487597577,
    75181.38556603497,
    75395.3924398678,
    74756.27780374406,
    74755
  ],
  "ethereum": [
    2254.403105675559,
    2249.3472766761683,
    2248.0604358261126,
    2243.1744921228833,
    2238.3997019787907,
    2245.0718799131523,
    2246.676874015512,
    2238.397113594826,
    2241.356452309423,
    2235.7543615388677,
    2236.338595755564,
    2235.3173618617984,
    2234.6377575682973,
    2243.9471902247847,
    2240.6319615843386,
    2246.5801907757536,
    2246.5801907757536,
    2241.5664384285083,
    2242.667766930086,
    2249.400936096686,
    2249.4780553059004,
    2259.9473579073974,
    2259.969299152028,
    2307.562979108211,
    2293.787135546034,
    2301.1749558205515,
    2306.736689178673,
    2285.4701387600003,
    2285.5610607564386,
    2273.9379000669032,
    2232.8066503880777,
    2219.4783433671664,
    2219.4783433671664,
    2219.4783433671664,
    2219.4783433671664,
    2219.8412324497176,
    2225.5397799994403,
    2216.9517717315966,
    2212.6124547535733,
    2218.1258921263798,
    2216.5840467519256,
    2220.279110167391,
    2214.087175835668,
    2214.765926347794,
    2201.1495216728013,
    2205.2660972826216,
    2196.840201976302,
    2187.817443596257,
    2182.2858360049127,
    2186.5304734082088,
    2186.5010473087455,
    2204.0398426422353,
    2201.4389627546566,
    2198.9236664353475,
    2213.2951657993,
    2209.8523489065633,
    2199.150727096511,
    2192.1608453362987,
    2205.3117930084986,
    2203.954880403779,
    2194.403490898879,
    2194.665714324386,
    2190.954062984134,
    2189.25101229352,
    2199.1070417801566,
    2187.9725229970118,
    2184.9528673361556,
    2188.4512539479592,
    2183.321386188037,
    2188.088926104031,
    2193.389528277352,
    2210.8171922774986,
    2231.4522872333478,
    2209.5007492572586,
    2226.7117777428425,
    2225.827654963803,
    2233.0503387179924,
    2264.0902870238415,
    2254.062309111841,
    2261.29575886429,
    2354.3360155502314,
    2371.8632958349403,
    2362.3207497498333,
    2369.589576190168,
    2368.596576383009,
    2366.429713372308,
    2364.2915830005645,
    2356.365526439283,
    2374.674072053806,
    2377.7461831597484,
    2387.7394508749157,
    2388.100943069653,
    2376.505918456663,
    2375.7330726687983,
    2374.2520773361784,
    2392.1227513286062,
    2361.314537041614,
    2366.8454418311208,
    2336.4680405749928,
    2336.03
  ]
}